﻿{
  "configurations": [
    {
      "name": "ST_STM32F769I_DISCOVERY",
      "generator": "Ninja",
      "configurationType": "Debug",
      "inheritEnvironments": [
        "gcc-arm"
      ],
      "environments": [
        {
          "PATH": "C:\\Windows\\system32;${env.PATH}"
        }
      ],
      "buildRoot": "${workspaceRoot}/build/${name}",
      "installRoot": "${workspaceRoot}/build/install/${name}",
      "cmakeCommandArgs": "",
      "buildCommandArgs": "-v",
      "ctestCommandArgs": "",
      "intelliSenseMode": "linux-gcc-arm",
      "variables": [
        {
          "name": "BUILD_VERSION",
          "value": "0.9.99.999"
        },
        {
          "name": "EXECUTABLE_OUTPUT_PATH",
          "value": "${workspaceRoot}/BuildVS/${name}"
        },
        {
          "name": "CMAKE_SYSTEM_NAME",
          "value": "Generic"
        },
        {
          "name": "CMAKE_TOOLCHAIN_FILE",
          "value": "${workspaceRoot}/CMake/toolchain.arm-none-eabi.cmake"
        },
        {
          "name": "TOOLCHAIN_PREFIX",
          "value": "C:/nftools/GNU_Tools_ARM_Embedded/9-2020-q2-update"
        },
        {
          "name": "TOOL_HEX2DFU_PREFIX",
          "value": "C:/nftools/hex2dfu"
        },
        {
          "name": "RTOS",
          "value": "CHIBIOS"
        },
        {
          "name": "TARGET_SERIES",
          "value": "STM32F7xx"
        },
        {
          "name": "CHIBIOS_SOURCE",
          "value": ""
        },
        {
          "name": "TARGET_BOARD",
          "value": "ST_STM32F769I_DISCOVERY"
        },
        {
          "name": "STM32_CUBE_PACKAGE_REQUIRED",
          "value": "OFF"
        },
        {
          "name": "STM32_CUBE_PACKAGE_SOURCE",
          "value": ""
        },
        {
          "name": "MBEDTLS_SOURCE",
          "value": ""
        },
        {
          "name": "FATFS_SOURCE",
          "value": ""
        },
        {
          "name": "TARGET_SUPPORT_ANY_BASE_CONVERSION",
          "value": "ON"
        },
        {
          "name": "NF_FEATURE_DEBUGGER",
          "value": "ON"
        },
        {
          "name": "NF_FEATURE_RTC",
          "value": "ON"
        },
        {
          "name": "NF_FEATURE_HAS_SDCARD",
          "value": "ON"
        },
        {
          "name": "NF_FEATURE_HAS_CONFIG_BLOCK",
          "value": "ON"
        },
        {
          "name": "NF_SECURITY_MBEDTLS",
          "value": "ON"
        },
        {
          "name": "SWO_OUTPUT",
          "value": "OFF"
        },
        {
          "name": "NF_BUILD_RTM",
          "value": "OFF"
        },
        {
          "name": "API_System.Math",
          "value": "ON"
        },
        {
          "name": "API_Hardware.Stm32",
          "value": "ON"
        },
        {
          "name": "API_Windows.Devices.Gpio",
          "value": "ON"
        },
        {
          "name": "API_Windows.Devices.Spi",
          "value": "ON"
        },
        {
          "name": "API_Windows.Devices.I2c",
          "value": "ON"
        },
        {
          "name": "API_Windows.Devices.Pwm",
          "value": "ON"
        },
        {
          "name": "API_Windows.Devices.SerialCommunication",
          "value": "ON"
        },
        {
          "name": "API_Windows.Devices.Adc",
          "value": "ON"
        },
        {
          "name": "API_System.Device.Dac",
          "value": "ON"
        },
        {
          "name": "API_System.Net",
          "value": "ON"
        },
        {
          "name": "API_nanoFramework.Devices.OneWire",
          "value": "OFF"
        },
        {
          "name": "API_nanoFramework.Devices.Can",
          "value": "OFF"
        },
        {
          "name": "API_Windows.Storage",
          "value": "ON"
        },
        {
          "name": "API_nanoFramework.ResourceManager",
          "value": "ON"
        },
        {
          "name": "API_nanoFramework.System.Collections",
          "value": "ON"
        },
        {
          "name": "API_nanoFramework.System.Text",
          "value": "ON"
        },
        {
          "name": "API_nanoFramework.Graphics",
          "value": "ON"
        },
        {
          "name": "GRAPHICS_DISPLAY",
          "value": "Otm8009a_DSI_Video_Mode.cpp"
        },
        {
          "name": "TOUCHPANEL_DEVICE",
          "value": "ft6x06_I2C.cpp"
        },
        {
          "name": "TOUCHPANEL_INTERFACE",
          "value": "I2C_To_TouchPanel.cpp"
        }
      ]
    },
    {
      "name": "ESP32",
      "generator": "Ninja",
      "configurationType": "Debug",
      "inheritEnvironments": [
        "gcc-arm"
      ],
      "environments": [
        {
          // Work around for Ninja not finding Cmd.exe with add_custom_command
          "PATH": "C:\\Windows\\system32;C:\\Program Files\\Espressif\\ESP-IDF Tools\\mconf-idf;c:\\python27;${env.PATH}",

          // ESP32 paths set up in environment so we can use in variables
          "ESP32_IDF_VERSION": "v3.3.1",
          "ESP32_TOOLS": "C:/ESP32_TOOLS",
          "ESP32_IDF": "${env.ESP32_TOOLS}/esp-idf-${env.ESP32_IDF_VERSION}",
          "ESP32_LIB": "${env.ESP32_TOOLS}/libs-${env.ESP32_IDF_VERSION}",
          "ESP32_MBEDTLS_SOURCE": "${env.ESP32_IDF}/Components/mbedtls/mbedtls",

          "IDF_PATH": "${env.ESP32_IDF}"
        }
      ],
      "buildRoot": "${workspaceRoot}/Build/${name}",
      "installRoot": "${workspaceRoot}/Build/install/${name}",
      "cmakeCommandArgs": "",
      "buildCommandArgs": "-v",
      "ctestCommandArgs": "",
      "intelliSenseMode": "linux-gcc-arm",
      "variables": [
        {
          "name": "CMAKE_TOOLCHAIN_FILE",
          "value": "CMake/toolchain.xtensa-esp32-elf.cmake"
        },
        {
          "name": "EXECUTABLE_OUTPUT_PATH",
          "value": "${workspaceRoot}/BuildVS/${name}"
        },
        {
          "name": "ESP32_TOOLCHAIN_PATH:PATH",
          "value": "${env.ESP32_TOOLS}"
        },
        {
          "name": "TOOLCHAIN_PREFIX:PATH",
          "value": "${env.ESP32_TOOLS}"
        },
        {
          "name": "ESP32_IDF_PATH:PATH",
          "value": "${env.ESP32_IDF}"
        },
        {
          "name": "ESP32_LIBS_PATH:PATH",
          "value": "${env.ESP32_LIB}"
        },
        {
          "name": "CMAKE_SYSTEM_NAME:STRING",
          "value": "Generic"
        },
        {
          "name": "GIT_EXECUTABLE:FILEPATH",
          "value": "${env.VSINSTALLDIR}/Common7/IDE/CommonExtensions/Microsoft/TeamFoundation/Team Explorer/Git/cmd/git.exe"
        },
        {
          "name": "GIT_VERSION_STRING:STRING",
          "value": "2.19.0"
        },
        {
          "name": "TARGET_SERIES:STRING",
          "value": "ESP32"
        },
        {
          "name": "TARGET_BOARD:STRING",
          "value": "ESP32_WROOM_32"
        },
        {
          "name": "USE_RNG:BOOL", //option to enable use of true random generator hardware block
          "value": "ON"
        },
        {
          "name": "TARGET_LIGHT_MATH:BOOL", //option to build without complex math function
          "value": "FALSE"
        },
        {
          "name": "TARGET_DP_FLOATINGPOINT:BOOL",
          "value": "TRUE"
        },
        {
          "name": "TARGET_SUPPORT_ANY_BASE_CONVERSION:BOOL", //"Option for string conversion to value from base 10 and partial for 16"
          "value": "FALSE"
        },
        {
          "name": "RTOS:STRING", //"Selected Operating system
          "value": "FREERTOS_ESP32"
        },
        {
          "name": "NF_BUILD_RTM:BOOL", // OFF-default-ON-to-enable-RTM-build
          "value": "OFF"
        },
        {
          "name": "NF_WP_TRACE_ERRORS:BOOL", //OFF-default-ON-to-enable-trace-error-messages-wire-protocol
          "value": "OFF"
        },
        {
          "name": "NF_WP_TRACE_HEADERS:BOOL", //OFF-default-ON-to-enable-trace-header-messages-wire-protocol
          "value": "OFF"
        },
        {
          "name": "NF_WP_TRACE_STATE:BOOL", //OFF-default-ON-to-enable-trace-state-messages-wire-protocol
          "value": "OFF"
        },
        {
          "name": "NF_WP_TRACE_NODATA:BOOL", //OFF-default-ON-to-enable-trace-no-data-messages-wire-protocol
          "value": "OFF"
        },
        {
          "name": "NF_WP_TRACE_ALL:BOOL", //OFF-default-ON-to-enable-trace-all-messages-wire-protocol
          "value": "OFF"
        },
        {
          "name": "NF_WP_IMPLEMENTS_CRC32:BOOL", //ON-default-OFF-to-disable-CRC32-wire-protocol
          "value": "ON"
        },
        {
          "name": "NF_FEATURE_DEBUGGER:BOOL", //OFF-default-ON-to-include-managed-app-debugging-capability
          "value": "ON"
        },
        {
          "name": "NF_FEATURE_RTC:BOOL", //OFF-default-ON-to-enable-hardware-RTC
          "value": "ON"
        },
        {
          "name": "NF_FEATURE_USE_APPDOMAINS:BOOL", //OFF-default-ON-to-enable-support-for-Application-Domains
          "value": "OFF"
        },
        {
          "name": "NF_FEATURE_WATCHDOG:BOOL", //ON-to-enable-hardware-watchdog-ON-is-default
          "value": "ON"
        },
        {
          "name": "NF_FEATURE_HAS_CONFIG_BLOCK:BOOL", //OFF-default-ON-to-enable-configuration-block-storage
          "value": "ON"
        },
        {
          "name": "NF_PLATFORM_NO_CLR_TRACE:BOOL", //OFF-default-ON-to-disable-all-trace-on-CLR
          "value": "OFF"
        },
        {
          "name": "NF_CLR_NO_IL_INLINE:BOOL", //OFF-default-ON-to-disable-CLR-IL-inlining
          "value": "OFF"
        },
        {
          "name": "NF_INTEROP_ASSEMBLIES:STRING", //empty-to-NOT-include-any-interop-assemblies
          "value": ""
        },
        {
          "name": "NF_NETWORKING_SNTP:BOOL", //ON-default-to-add-SNTP-client-requires-networking
          "value": "ON"
        },
        {
          "name": "NF_SECURITY_MBEDTLS:BOOL",
          "value": "ON"
        },
        {
          "name": "MBEDTLS_SOURCE:PATH", //path-to-mbedtls-source-mind-the-forward-slashes
          "value": "${env.ESP32_MBEDTLS_SOURCE}"
        },
        // LIBRARIES
        {
          "name": "API_nanoFramework.Devices.OneWire:BOOL", //OFF-default-ON-to-add-this-API
          "value": "ON"
        },
        {
          "name": "API_System.IO.FileSystem:BOOL",  //OFF-default-ON-to-add-this-API
          "value": "ON"
        },
        {
          "name": "API_System.Math:BOOL", //OFF-default-ON-to-add-this-API
          "value": "ON"
        },
        {
          "name": "API_System.Net:BOOL", //OFF-default-ON-to-add-this-API
          "value": "ON"
        },
        {
          "name": "API_nanoFramework.ResourceManager:BOOL",
          "value": "ON"
        },
        {
          "name": "API_nanoFramework.System.Collections:BOOL",
          "value": "ON"
        },
        {
          "name": "API_nanoFramework.System.Text:BOOL",
          "value": "ON"
        },
        {
          "name": "API_Windows.Devices.Adc:BOOL", //OFF-default-ON-to-add-this-API
          "value": "ON"
        },
        {
          "name": "API_System.Device.Dac:BOOL", //OFF-default-ON-to-add-this-API
          "value": "ON"
        },
        {
          "name": "API_Windows.Devices.Gpio:BOOL", //OFF-default-ON-to-add-this-API
          "value": "ON"
        },
        {
          "name": "API_Windows.Devices.I2c:BOOL", //OFF-default-ON-to-add-this-API
          "value": "ON"
        },
        {
          "name": "API_Windows.Devices.Pwm:BOOL", //OFF-default-ON-to-add-this-API
          "value": "ON"
        },
        {
          "name": "API_Windows.Devices.SerialCommunication:BOOL", //OFF-default-ON-to-add-this-API
          "value": "ON"
        },
        {
          "name": "API_Windows.Devices.Spi:BOOL", //OFF-default-ON-to-add-this-API
          "value": "ON"
        },
        {
          "name": "API_Windows.Devices.Wifi:BOOL",
          "value": "True"
        },
        {
          "name": "API_Windows.Networking.Sockets:BOOL", //OFF-default-ON-to-add-this-API
          "value": "OFF"
        },
        {
          "name": "API_Windows.Storage:BOOL", //OFF-default-ON-to-add-this-API
          "value": "ON"
        },
        {
          "name": "API_Hardware.Esp32:BOOL", //OFF-default-ON-to-add-this-API
          "value": "ON"
        },
        {
          "name": "NF_FEATURE_USE_SPIFFS",
          "value": "False",
          "type": "BOOL"
        },
        {
          "name": "NF_FEATURE_HAS_SDCARD",
          "value": "True",
          "type": "BOOL"
        }
      ]
    }
  ]
}
