﻿{
  "configurations": [
    {
      "name": "ESP32",
      "generator": "Ninja",
      "configurationType": "Debug",
      "inheritEnvironments": [ "gcc-arm" ],
      "environments": [ { "PATH": "C:\\Windows\\system32;${env.PATH}" } ],
      "buildRoot": "${workspaceRoot}/Build\\${name}",
      "installRoot": "${workspaceRoot}/Build/install/${name}",
      "cmakeCommandArgs": "",
      "buildCommandArgs": "-v",
      "ctestCommandArgs": "",
      "intelliSenseMode": "linux-gcc-arm",
      "variables": [
        {
          "name": "EXECUTABLE_OUTPUT_PATH",
          "value": "${workspaceRoot}/Build/${name}",
          "type": "PATH"
        },
        {
          "name": "ESP32_TOOLCHAIN_PATH",
          "value": "C:/ESP32_TOOLS/xtensa-esp32-elf",
          "type": "PATH"
        },
        {
          "name": "TOOLCHAIN_PREFIX",
          "value": "C:/ESP32_TOOLS/xtensa-esp32-elf",
          "type": "PATH"
        },
        {
          "name": "ESP32_IDF_PATH",
          "value": "C:/ESP32_TOOLS/esp-idf-v3.3.1",
          "type": "PATH"
        },
        {
          "name": "ESP32_LIBS_PATH",
          "value": "C:/ESP32_TOOLS/libs-v3.3.1",
          "type": "PATH"
        },
        {
          "name": "CMAKE_SYSTEM_NAME",
          "value": "Generic",
          "type": "STRING"
        },
        {
          "name": "GIT_EXECUTABLE",
          "value": "${env.VSINSTALLDIR}/Common7/IDE/CommonExtensions/Microsoft/TeamFoundation/Team Explorer/Git/cmd/git.exe",
          "type": "FILEPATH"
        },
        {
          "name": "GIT_VERSION_STRING",
          "value": "2.19.0",
          "type": "STRING"
        },
        {
          "name": "TARGET_SERIES",
          "value": "ESP32",
          "type": "STRING"
        },
        {
          "name": "TARGET_BOARD",
          "value": "ESP32_WROOM_32",
          "type": "STRING"
        },
        {
          "name": "USE_RNG",
          "value": "True",
          "type": "BOOL"
        },
        {
          "name": "TARGET_LIGHT_MATH",
          "value": "FALSE",
          "type": "BOOL"
        },
        {
          "name": "TARGET_DP_FLOATINGPOINT",
          "value": "FALSE",
          "type": "BOOL"
        },
        {
          "name": "TARGET_SUPPORT_ANY_BASE_CONVERSION",
          "value": "FALSE",
          "type": "BOOL"
        },
        {
          "name": "RTOS",
          "value": "FREERTOS_ESP32",
          "type": "STRING"
        },
        {
          "name": "NF_BUILD_RTM",
          "value": "OFF",
          "type": "BOOL"
        },
        {
          "name": "NF_WP_TRACE_ERRORS",
          "value": "OFF",
          "type": "BOOL"
        },
        {
          "name": "NF_WP_TRACE_HEADERS",
          "value": "OFF",
          "type": "BOOL"
        },
        {
          "name": "NF_WP_TRACE_STATE",
          "value": "OFF",
          "type": "BOOL"
        },
        {
          "name": "NF_WP_TRACE_NODATA",
          "value": "OFF",
          "type": "BOOL"
        },
        {
          "name": "NF_WP_TRACE_ALL",
          "value": "OFF",
          "type": "BOOL"
        },
        {
          "name": "NF_WP_IMPLEMENTS_CRC32",
          "value": "ON",
          "type": "BOOL"
        },
        {
          "name": "NF_FEATURE_DEBUGGER",
          "value": "True",
          "type": "BOOL"
        },
        {
          "name": "NF_FEATURE_RTC",
          "value": "True",
          "type": "BOOL"
        },
        {
          "name": "NF_FEATURE_USE_APPDOMAINS",
          "value": "OFF",
          "type": "BOOL"
        },
        {
          "name": "NF_FEATURE_WATCHDOG",
          "value": "True",
          "type": "BOOL"
        },
        {
          "name": "NF_FEATURE_HAS_CONFIG_BLOCK",
          "value": "True",
          "type": "BOOL"
        },
        {
          "name": "NF_PLATFORM_NO_CLR_TRACE",
          "value": "OFF",
          "type": "BOOL"
        },
        {
          "name": "NF_CLR_NO_IL_INLINE",
          "value": "OFF",
          "type": "BOOL"
        },
        {
          "name": "NF_INTEROP_ASSEMBLIES",
          "value": "Assembly1_Namespace Assembly2_Namespace",
          "type": "STRING"
        },
        {
          "name": "NF_NETWORKING_SNTP",
          "value": "True",
          "type": "BOOL"
        },
        {
          "name": "NF_SECURITY_MBEDTLS",
          "value": "OFF",
          "type": "BOOL"
        },
        {
          "name": "API_nanoFramework.Devices.OneWire",
          "value": "True",
          "type": "BOOL"
        },
        {
          "name": "API_System.IO.FileSystem",
          "value": "ON",
          "type": "BOOL"
        },
        {
          "name": "API_System.Math",
          "value": "True",
          "type": "BOOL"
        },
        {
          "name": "API_nanoFramework.ResourceManager",
          "value": "True",
          "type": "BOOL"
        },
        {
          "name": "API_System.Net",
          "value": "True",
          "type": "BOOL"
        },
        {
          "name": "API_Windows.Devices.Adc",
          "value": "True",
          "type": "BOOL"
        },
        {
          "name": "API_System.Device.Dac",
          "value": "False",
          "type": "BOOL"
        },
        {
          "name": "API_Windows.Devices.Gpio",
          "value": "True",
          "type": "BOOL"
        },
        {
          "name": "API_Windows.Devices.I2c",
          "value": "True",
          "type": "BOOL"
        },
        {
          "name": "API_Windows.Devices.Pwm",
          "value": "True",
          "type": "BOOL"
        },
        {
          "name": "API_Windows.Devices.SerialCommunication",
          "value": "True",
          "type": "BOOL"
        },
        {
          "name": "API_Windows.Devices.Spi",
          "value": "True",
          "type": "BOOL"
        },
        {
          "name": "API_Windows.Devices.Wifi",
          "value": "True",
          "type": "BOOL"
        },
        {
          "name": "API_Windows.Networking.Sockets",
          "value": "OFF",
          "type": "BOOL"
        },
        {
          "name": "API_Windows.Storage",
          "value": "True",
          "type": "BOOL"
        },
        {
          "name": "API_Hardware.Esp32",
          "value": "True",
          "type": "BOOL"
        },
        {
          "name": "NF_FEATURE_USE_SPIFFS",
          "value": "False",
          "type": "BOOL"
        },
        {
          "name": "NF_FEATURE_HAS_SDCARD",
          "value": "True",
          "type": "BOOL"
        }
      ]
    },
    {
      "name": "STM769IDiscovery",
      "generator": "Ninja",
      "configurationType": "Debug",
      "inheritEnvironments": [ "gcc-arm" ],
      "environments": [ { "PATH": "C:\\Windows\\system32;${env.PATH}" } ],
      "buildRoot": "${env.nfRoot}Build/${name}",
      "installRoot": "${workspaceRoot}/Build/install/${name}",
      "cmakeCommandArgs": "",
      "buildCommandArgs": "-v",
      "ctestCommandArgs": "",
      "intelliSenseMode": "linux-gcc-arm",
      "variables": [
        {
          "name": "EXECUTABLE_OUTPUT_PATH",
          "value": "${workspaceRoot}/Build/${name}",
          "type": "STRING"
        },
        {
          "name": "TOOLCHAIN_PREFIX",
          "value": "${env.GNU_GCC_TOOLCHAIN_PATH}",
          "type": "PATH"
        },
        {
          "name": "CMAKE_SYSTEM_NAME",
          "value": "Generic",
          "type": "STRING"
        },
        {
          "name": "TARGET_SERIES",
          "value": "STM32F7xx",
          "type": "STRING"
        },
        {
          "name": "TARGET_BOARD",
          "value": "ST_STM32F769I_DISCOVERY",
          "type": "STRING"
        },
        {
          "name": "RTOS_SOURCE_FOLDER",
          "value": "C:/usr/src/NanoFramework/ChibiOS",
          "type": "PATH"
        },
        {
          "name": "CHIBIOS_VERSION",
          "value": "",
          "type": "STRING"
        },
        {
          "name": "USE_RNG",
          "value": "ON",
          "type": "BOOL"
        },
        {
          "name": "TARGET_LIGHT_MATH",
          "value": "FALSE",
          "type": "BOOL"
        },
        {
          "name": "TARGET_DP_FLOATINGPOINT",
          "value": "FALSE",
          "type": "BOOL"
        },
        {
          "name": "TARGET_SUPPORT_ANY_BASE_CONVERSION",
          "value": "ON",
          "type": "BOOL"
        },
        {
          "name": "TOOL_HEX2DFU_PREFIX",
          "value": "${env.HEX2DFU_PATH}",
          "type": "PATH"
        },
        {
          "name": "RTOS",
          "value": "CHIBIOS",
          "type": "STRING"
        },
        {
          "name": "SWO_OUTPUT_OPTION",
          "value": "TRUE",
          "type": "BOOL"
        },
        {
          "name": "NF_BUILD_RTM",
          "value": "OFF",
          "type": "BOOL"
        },
        {
          "name": "NF_WP_TRACE_ERRORS",
          "value": "OFF",
          "type": "BOOL"
        },
        {
          "name": "NF_WP_TRACE_HEADERS",
          "value": "OFF",
          "type": "BOOL"
        },
        {
          "name": "NF_WP_TRACE_STATE",
          "value": "OFF",
          "type": "BOOL"
        },
        {
          "name": "NF_WP_TRACE_NODATA",
          "value": "OFF",
          "type": "BOOL"
        },
        {
          "name": "NF_WP_TRACE_ALL",
          "value": "OFF",
          "type": "BOOL"
        },
        {
          "name": "NF_WP_IMPLEMENTS_CRC32",
          "value": "ON",
          "type": "BOOL"
        },
        {
          "name": "NF_FEATURE_DEBUGGER",
          "value": "ON",
          "type": "BOOL"
        },
        {
          "name": "NF_FEATURE_RTC",
          "value": "ON",
          "type": "BOOL"
        },
        {
          "name": "NF_FEATURE_USE_APPDOMAINS",
          "value": "OFF",
          "type": "BOOL"
        },
        {
          "name": "NF_FEATURE_WATCHDOG",
          "value": "ON",
          "type": "BOOL"
        },
        {
          "name": "NF_FEATURE_HAS_CONFIG_BLOCK",
          "value": "ON",
          "type": "BOOL"
        },
        {
          "name": "NF_FEATURE_HAS_SDCARD",
          "value": "ON",
          "type": "BOOL"
        },
        {
          "name": "NF_PLATFORM_NO_CLR_TRACE",
          "value": "OFF",
          "type": "BOOL"
        },
        {
          "name": "NF_CLR_NO_IL_INLINE",
          "value": "OFF",
          "type": "BOOL"
        },
        {
          "name": "NF_INTEROP_ASSEMBLIES",
          "value": "Assembly1_Namespace Assembly2_Namespace",
          "type": "STRING"
        },
        {
          "name": "NF_NETWORKING_SNTP",
          "value": "OFF",
          "type": "BOOL"
        },
        {
          "name": "NF_SECURITY_MBEDTLS",
          "value": "OFF",
          "type": "BOOL"
        },
        {
          "name": "MBEDTLS_SOURCE",
          "value": "",
          "type": "PATH"
        },
        {
          "name": "API_nanoFramework.Devices.OneWire",
          "value": "True",
          "type": "BOOL"
        },
        {
          "name": "API_System.IO.FileSystem",
          "value": "ON",
          "type": "BOOL"
        },
        {
          "name": "API_System.Math",
          "value": "ON",
          "type": "BOOL"
        },
        {
          "name": "API_System.Net",
          "value": "OFF",
          "type": "BOOL"
        },
        {
          "name": "API_Windows.Devices.Adc",
          "value": "True",
          "type": "BOOL"
        },
        {
          "name": "API_System.Device.Dac",
          "value": "False",
          "type": "BOOL"
        },
        {
          "name": "API_Windows.Devices.Gpio",
          "value": "True",
          "type": "BOOL"
        },
        {
          "name": "API_Windows.Devices.I2c",
          "value": "True",
          "type": "BOOL"
        },
        {
          "name": "API_Windows.Devices.Pwm",
          "value": "True",
          "type": "BOOL"
        },
        {
          "name": "API_Windows.Devices.SerialCommunication",
          "value": "True",
          "type": "BOOL"
        },
        {
          "name": "API_Windows.Devices.Spi",
          "value": "True",
          "type": "BOOL"
        },
        {
          "name": "API_Windows.Networking.Sockets",
          "value": "OFF",
          "type": "BOOL"
        },
        {
          "name": "API_Windows.Storage",
          "value": "True",
          "type": "BOOL"
        },
        {
          "name": "API_nanoFramework.Devices.Can",
          "value": "True",
          "type": "BOOL"
        },
        {
          "name": "API_Hardware.Esp32",
          "value": "OFF",
          "type": "BOOL"
        },
        {
          "name": "API_Hardware.Stm32",
          "value": "True",
          "type": "BOOL"
        }
      ]
    }
  ]
}